ts,open,high,low,close,volume,amount
2026-09-01 09:31:00,9.13,9.14,9.11,9.14,1834100,16726151
2026-09-01 09:32:00,9.14,9.19,9.13,9.19,1866500,17109559
2026-09-01 09:33:00,9.18,9.19,9.18,9.18,1235900,11353071
2026-09-01 09:34:00,9.19,9.2,9.18,9.19,1265500,11629006
2026-09-01 09:35:00,9.19,9.2,9.19,9.2,1794500,16508276.34
2026-09-01 09:36:00,9.2,9.26,9.2,9.25,3092866,28566208.86
2026-09-01 09:37:00,9.25,9.26,9.24,9.24,1524200,14105118
2026-09-01 09:38:00,9.25,9.27,9.25,9.26,1977300,18304922
2026-09-01 09:39:00,9.26,9.27,9.26,9.26,2075900,19230236
2026-09-01 09:40:00,9.27,9.27,9.25,9.26,871700,8075892
2026-09-01 09:41:00,9.25,9.27,9.25,9.26,1804900,16725003
2026-09-01 09:42:00,9.26,9.28,9.26,9.26,1412600,13095045
2026-09-01 09:43:00,9.26,9.27,9.25,9.25,1034100,9576500
2026-09-01 09:44:00,9.25,9.27,9.25,9.26,958900,8875345
2026-09-01 09:45:00,9.26,9.26,9.25,9.25,345400,3196640
2026-09-01 09:46:00,9.25,9.26,9.24,9.25,731100,6763267
2026-09-01 09:47:00,9.25,9.26,9.25,9.26,837400,7746855
2026-09-01 09:48:00,9.26,9.27,9.26,9.26,627700,5813144
2026-09-01 09:49:00,9.26,9.27,9.26,9.26,675800,6263840
2026-09-01 09:50:00,9.26,9.27,9.25,9.25,531500,4923253
2026-09-01 09:51:00,9.25,9.27,9.25,9.26,485900,4500603
2026-09-01 09:52:00,9.26,9.27,9.26,9.27,341800,3165633
2026-09-01 09:53:00,9.27,9.27,9.26,9.26,507000,4696437
2026-09-01 09:54:00,9.26,9.27,9.26,9.26,746000,6911617
2026-09-01 09:55:00,9.26,9.27,9.26,9.26,345000,3195137.00000003
2026-09-01 09:56:00,9.26,9.27,9.25,9.27,419800,3888363
2026-09-01 09:57:00,9.26,9.26,9.25,9.25,676300,6258681
2026-09-01 09:58:00,9.25,9.27,9.25,9.27,1815500,16817687
2026-09-01 09:59:00,9.26,9.28,9.26,9.27,899100,8336825
2026-09-01 10:00:00,9.27,9.28,9.27,9.27,309100,2866143
2026-09-01 10:01:00,9.28,9.28,9.26,9.26,305500,2831837
2026-09-01 10:02:00,9.26,9.27,9.25,9.26,643600,5959900
2026-09-01 10:03:00,9.25,9.26,9.25,9.25,157600,1458117
2026-09-01 10:04:00,9.26,9.26,9.25,9.26,366700,3394211
2026-09-01 10:05:00,9.26,9.27,9.25,9.26,524300,4854852
2026-09-01 10:06:00,9.26,9.26,9.24,9.25,617200,5709940
2026-09-01 10:07:00,9.25,9.26,9.25,9.25,412200,3813484
2026-09-01 10:08:00,9.25,9.26,9.25,9.25,174700,1616377
2026-09-01 10:09:00,9.26,9.26,9.25,9.26,39300,363609
2026-09-01 10:10:00,9.25,9.26,9.24,9.25,429100,3968679
2026-09-01 10:11:00,9.24,9.25,9.23,9.24,640000,5913423
2026-09-01 10:12:00,9.23,9.24,9.23,9.23,226400,2090835
2026-09-01 10:13:00,9.24,9.24,9.22,9.22,333700,3080323
2026-09-01 10:14:00,9.23,9.24,9.23,9.24,274200,2531797
2026-09-01 10:15:00,9.23,9.24,9.23,9.24,205300,1895905
2026-09-01 10:16:00,9.23,9.23,9.21,9.21,476500,4393862
2026-09-01 10:17:00,9.21,9.22,9.21,9.21,204900,1888071
2026-09-01 10:18:00,9.22,9.22,9.21,9.22,284800,2624268
2026-09-01 10:19:00,9.22,9.22,9.21,9.21,163700,1508627
2026-09-01 10:20:00,9.22,9.22,9.2,9.21,341100,3141231
2026-09-01 10:21:00,9.21,9.22,9.2,9.21,348536,3209710.56
2026-09-01 10:22:00,9.21,9.23,9.21,9.22,258560,2384219.19999999
2026-09-01 10:23:00,9.23,9.23,9.22,9.23,66500,613322
2026-09-01 10:24:00,9.23,9.23,9.22,9.22,104300,962297
2026-09-01 10:25:00,9.23,9.23,9.22,9.23,447300,4128368
2026-09-01 10:26:00,9.23,9.24,9.23,9.23,136900,1263848
2026-09-01 10:27:00,9.23,9.23,9.22,9.23,215000,1984300
2026-09-01 10:28:00,9.23,9.25,9.23,9.24,342800,3167331
2026-09-01 10:29:00,9.25,9.25,9.23,9.23,113600,1049564
2026-09-01 10:30:00,9.24,9.25,9.23,9.24,438400,4051560
2026-09-01 10:31:00,9.24,9.25,9.24,9.25,838500,7755880
2026-09-01 10:32:00,9.24,9.25,9.24,9.25,154900,1431914
2026-09-01 10:33:00,9.24,9.25,9.24,9.25,164500,1520366
2026-09-01 10:34:00,9.25,9.25,9.23,9.24,153100,1414413
2026-09-01 10:35:00,9.24,9.24,9.23,9.24,42300,390786
2026-09-01 10:36:00,9.24,9.25,9.23,9.25,328100,3031686
2026-09-01 10:37:00,9.25,9.25,9.23,9.24,170500,1575395
2026-09-01 10:38:00,9.24,9.25,9.23,9.24,106200,981514
2026-09-01 10:39:00,9.24,9.25,9.24,9.25,71300,659101
2026-09-01 10:40:00,9.25,9.25,9.24,9.25,376100,3478662
2026-09-01 10:41:00,9.25,9.26,9.25,9.26,127300,1177668
2026-09-01 10:42:00,9.25,9.26,9.25,9.26,309000,2858755
2026-09-01 10:43:00,9.26,9.26,9.25,9.25,118200,1093440
2026-09-01 10:44:00,9.26,9.26,9.25,9.26,122400,1132299
2026-09-01 10:45:00,9.26,9.26,9.25,9.26,71516,661862
2026-09-01 10:46:00,9.26,9.26,9.25,9.25,43600,403475
2026-09-01 10:47:00,9.26,9.26,9.25,9.25,247484,2289473
2026-09-01 10:48:00,9.25,9.26,9.25,9.25,141116,1305440
2026-09-01 10:49:00,9.25,9.26,9.25,9.26,127800,1182396
2026-09-01 10:50:00,9.25,9.26,9.25,9.26,46900,434058
2026-09-01 10:51:00,9.25,9.26,9.24,9.24,293200,2712100
2026-09-01 10:52:00,9.25,9.25,9.24,9.25,212500,1965546
2026-09-01 10:53:00,9.25,9.26,9.25,9.26,77400,716008
2026-09-01 10:54:00,9.25,9.26,9.25,9.26,55100,509970
2026-09-01 10:55:00,9.25,9.26,9.25,9.25,139300,1288960
2026-09-01 10:56:00,9.25,9.26,9.24,9.25,513000,4745249
2026-09-01 10:57:00,9.25,9.25,9.24,9.25,142700,1318904
2026-09-01 10:58:00,9.24,9.25,9.24,9.25,143100,1322373
2026-09-01 10:59:00,9.25,9.25,9.23,9.23,159500,1473711
2026-09-01 11:00:00,9.23,9.25,9.23,9.24,400400,3699501
2026-09-01 11:01:00,9.25,9.25,9.24,9.25,55200,510531
2026-09-01 11:02:00,9.25,9.25,9.24,9.25,26900,248698
2026-09-01 11:03:00,9.25,9.25,9.24,9.24,160800,1485813
2026-09-01 11:04:00,9.24,9.24,9.23,9.24,163601,1511432.24000001
2026-09-01 11:05:00,9.24,9.24,9.24,9.24,77899,719668.75999999
2026-09-01 11:06:00,9.24,9.25,9.23,9.25,198400,1833172
2026-09-01 11:07:00,9.24,9.25,9.24,9.24,222100,2052683
2026-09-01 11:08:00,9.24,9.24,9.23,9.24,38400,354747
2026-09-01 11:09:00,9.24,9.24,9.23,9.24,19200,177300
2026-09-01 11:10:00,9.23,9.25,9.23,9.24,265600,2454105
2026-09-01 11:11:00,9.23,9.25,9.23,9.24,66600,615217
2026-09-01 11:12:00,9.23,9.24,9.23,9.24,19800,182817
2026-09-01 11:13:00,9.24,9.24,9.23,9.24,51100,471858
2026-09-01 11:14:00,9.24,9.24,9.23,9.24,32200,297286
2026-09-01 11:15:00,9.24,9.24,9.23,9.24,67500,623368
2026-09-01 11:16:00,9.24,9.24,9.22,9.24,223500,2062896
2026-09-01 11:17:00,9.23,9.24,9.22,9.24,144200,1331002
2026-09-01 11:18:00,9.24,9.27,9.24,9.27,2179973,20174501.9
2026-09-01 11:19:00,9.27,9.27,9.26,9.27,627700,5818568
2026-09-01 11:20:00,9.26,9.27,9.26,9.26,234300,2171365
2026-09-01 11:21:00,9.27,9.27,9.26,9.27,569300,5276871
2026-09-01 11:22:00,9.27,9.28,9.27,9.28,80300,744667
2026-09-01 11:23:00,9.27,9.28,9.27,9.27,421300,3905725
2026-09-01 11:24:00,9.27,9.28,9.26,9.27,113500,1052079
2026-09-01 11:25:00,9.26,9.27,9.26,9.27,98100,908976
2026-09-01 11:26:00,9.27,9.27,9.26,9.27,36900,341774
2026-09-01 11:27:00,9.27,9.27,9.26,9.27,35400,328019
2026-09-01 11:28:00,9.27,9.27,9.25,9.26,364300,3373400
2026-09-01 11:29:00,9.25,9.26,9.24,9.26,334300,3092099
2026-09-01 11:30:00,9.25,9.26,9.25,9.26,95300,882063
2026-09-01 13:01:00,9.26,9.28,9.25,9.28,818842,7590239.34000003
2026-09-01 13:02:00,9.28,9.28,9.27,9.28,169100,1568033
2026-09-01 13:03:00,9.27,9.28,9.27,9.28,314800,2920879
2026-09-01 13:04:00,9.28,9.29,9.28,9.28,2799372,25980567.16
2026-09-01 13:05:00,9.28,9.29,9.27,9.29,158700,1472598
2026-09-01 13:06:00,9.29,9.29,9.28,9.29,255700,2373046
2026-09-01 13:07:00,9.29,9.29,9.28,9.29,119600,1110249
2026-09-01 13:08:00,9.28,9.29,9.28,9.29,239200,2220124
2026-09-01 13:09:00,9.28,9.29,9.28,9.29,137200,1273570
2026-09-01 13:10:00,9.29,9.29,9.28,9.29,71700,665650
2026-09-01 13:11:00,9.29,9.29,9.28,9.29,292900,2718186
2026-09-01 13:12:00,9.28,9.29,9.28,9.29,251700,2336053
2026-09-01 13:13:00,9.28,9.29,9.27,9.28,132300,1227590
2026-09-01 13:14:00,9.27,9.28,9.27,9.28,66500,617013
2026-09-01 13:15:00,9.27,9.28,9.27,9.28,290100,2691840
2026-09-01 13:16:00,9.28,9.29,9.28,9.28,386107,3583287.96000004
2026-09-01 13:17:00,9.28,9.29,9.27,9.28,221300,2053684
2026-09-01 13:18:00,9.28,9.29,9.27,9.28,248000,2301562
2026-09-01 13:19:00,9.27,9.28,9.27,9.28,90100,835593
2026-09-01 13:20:00,9.28,9.28,9.26,9.26,485700,4503772
2026-09-01 13:21:00,9.28,9.29,9.27,9.29,994600,9227301
2026-09-01 13:22:00,9.28,9.29,9.28,9.28,420100,3898946
2026-09-01 13:23:00,9.28,9.29,9.28,9.29,519800,4823906
2026-09-01 13:24:00,9.29,9.29,9.28,9.29,73100,678642
2026-09-01 13:25:00,9.28,9.29,9.28,9.29,142700,1324577
2026-09-01 13:26:00,9.28,9.29,9.28,9.29,211800,1965623
2026-09-01 13:27:00,9.29,9.29,9.28,9.29,57400,532974
2026-09-01 13:28:00,9.28,9.3,9.28,9.3,2245100,20856755
2026-09-01 13:29:00,9.29,9.3,9.29,9.29,212000,1971072
2026-09-01 13:30:00,9.3,9.3,9.29,9.29,135000,1255100
2026-09-01 13:31:00,9.3,9.32,9.3,9.32,3497813,32538830.9
2026-09-01 13:32:00,9.31,9.32,9.31,9.32,352800,3285583
2026-09-01 13:33:00,9.31,9.32,9.31,9.32,166262,1548151.22000003
2026-09-01 13:34:00,9.31,9.32,9.3,9.31,148700,1384258
2026-09-01 13:35:00,9.3,9.31,9.3,9.31,177400,1651348
2026-09-01 13:36:00,9.31,9.32,9.3,9.31,293700,2734441
2026-09-01 13:37:00,9.32,9.32,9.31,9.32,78700,733148
2026-09-01 13:38:00,9.32,9.32,9.3,9.32,314100,2924565
2026-09-01 13:39:00,9.31,9.32,9.31,9.31,81200,756159
2026-09-01 13:40:00,9.31,9.32,9.31,9.32,597600,5568710
2026-09-01 13:41:00,9.32,9.32,9.31,9.32,58400,544049
2026-09-01 13:42:00,9.32,9.33,9.31,9.32,1058424,9865529.67999995
2026-09-01 13:43:00,9.32,9.33,9.32,9.33,114600,1068203
2026-09-01 13:44:00,9.33,9.33,9.32,9.33,237600,2214555
2026-09-01 13:45:00,9.32,9.33,9.32,9.33,144600,1348766
2026-09-01 13:46:00,9.33,9.33,9.32,9.32,473100,4410273
2026-09-01 13:47:00,9.32,9.33,9.32,9.33,181400,1691104
2026-09-01 13:48:00,9.32,9.33,9.32,9.33,217100,2023595
2026-09-01 13:49:00,9.32,9.32,9.31,9.32,215200,2005581
2026-09-01 13:50:00,9.32,9.32,9.31,9.32,230800,2149520
2026-09-01 13:51:00,9.32,9.32,9.31,9.32,398100,3708916
2026-09-01 13:52:00,9.32,9.32,9.31,9.32,130300,1214169
2026-09-01 13:53:00,9.32,9.32,9.31,9.32,140100,1305562
2026-09-01 13:54:00,9.32,9.32,9.31,9.32,85600,797467
2026-09-01 13:55:00,9.32,9.32,9.31,9.32,55000,512354
2026-09-01 13:56:00,9.31,9.32,9.31,9.32,89300,831469
2026-09-01 13:57:00,9.31,9.32,9.31,9.32,144600,1346471
2026-09-01 13:58:00,9.32,9.33,9.31,9.32,1371974,12787715.6800001
2026-09-01 13:59:00,9.32,9.33,9.32,9.32,229700,2140992
2026-09-01 14:00:00,9.32,9.33,9.32,9.33,355700,3315485
2026-09-01 14:01:00,9.32,9.33,9.32,9.32,283626,2643717.31999993
2026-09-01 14:02:00,9.32,9.33,9.31,9.32,161800,1507799
2026-09-01 14:03:00,9.33,9.33,9.32,9.33,122800,1144744
2026-09-01 14:04:00,9.32,9.33,9.32,9.33,196000,1827656
2026-09-01 14:05:00,9.33,9.33,9.32,9.33,124100,1157601
2026-09-01 14:06:00,9.32,9.33,9.32,9.33,173500,1618258
2026-09-01 14:07:00,9.33,9.34,9.32,9.34,1979906,18478155.98
2026-09-01 14:08:00,9.34,9.34,9.33,9.34,313600,2928502
2026-09-01 14:09:00,9.34,9.35,9.33,9.34,826100,7716767
2026-09-01 14:10:00,9.34,9.35,9.34,9.34,244300,2281957
2026-09-01 14:11:00,9.34,9.35,9.34,9.35,226300,2114127
2026-09-01 14:12:00,9.35,9.35,9.34,9.35,224900,2101906
2026-09-01 14:13:00,9.35,9.35,9.34,9.34,171800,1605367
2026-09-01 14:14:00,9.34,9.35,9.34,9.34,407100,3804468
2026-09-01 14:15:00,9.35,9.35,9.34,9.34,668000,6244307
2026-09-01 14:16:00,9.35,9.35,9.34,9.35,550100,5142124
2026-09-01 14:17:00,9.34,9.35,9.34,9.34,172500,1611946
2026-09-01 14:18:00,9.35,9.35,9.34,9.35,103800,970196
2026-09-01 14:19:00,9.34,9.35,9.34,9.35,77900,727880
2026-09-01 14:20:00,9.35,9.35,9.34,9.34,167700,1566754
2026-09-01 14:21:00,9.35,9.35,9.34,9.34,603300,5636276
2026-09-01 14:22:00,9.34,9.35,9.34,9.35,168900,1578262
2026-09-01 14:23:00,9.35,9.35,9.34,9.35,240000,2243515
2026-09-01 14:24:00,9.35,9.36,9.34,9.36,1709755,15987448.25
2026-09-01 14:25:00,9.36,9.36,9.35,9.36,261800,2450229
2026-09-01 14:26:00,9.36,9.36,9.35,9.36,345100,3227783
2026-09-01 14:27:00,9.35,9.36,9.35,9.36,381200,3565819
2026-09-01 14:28:00,9.36,9.36,9.35,9.36,149100,1394903
2026-09-01 14:29:00,9.36,9.36,9.35,9.35,774100,7238963
2026-09-01 14:30:00,9.36,9.36,9.34,9.34,327465,3062093.75
2026-09-01 14:31:00,9.35,9.35,9.34,9.34,231300,2162335
2026-09-01 14:32:00,9.35,9.35,9.34,9.34,126600,1183000
2026-09-01 14:33:00,9.35,9.35,9.34,9.35,943700,8820918
2026-09-01 14:34:00,9.34,9.35,9.34,9.35,435500,4067973
2026-09-01 14:35:00,9.35,9.35,9.33,9.34,659400,6158422
2026-09-01 14:36:00,9.34,9.34,9.33,9.33,104400,974762
2026-09-01 14:37:00,9.33,9.34,9.33,9.33,175300,1636333
2026-09-01 14:38:00,9.33,9.34,9.33,9.33,144900,1352015
2026-09-01 14:39:00,9.34,9.34,9.33,9.33,152400,1422640
2026-09-01 14:40:00,9.34,9.34,9.33,9.33,165600,1546542
2026-09-01 14:41:00,9.33,9.34,9.33,9.34,215755,2014731.1500001
2026-09-01 14:42:00,9.34,9.35,9.33,9.35,865600,8085924
2026-09-01 14:43:00,9.35,9.35,9.34,9.35,154200,1441449
2026-09-01 14:44:00,9.34,9.35,9.34,9.35,390400,3647616
2026-09-01 14:45:00,9.34,9.35,9.34,9.35,373816,3493839.43999994
2026-09-01 14:46:00,9.35,9.35,9.34,9.34,200900,1877273
2026-09-01 14:47:00,9.35,9.35,9.34,9.35,175300,1637687
2026-09-01 14:48:00,9.34,9.35,9.34,9.34,235700,2202592
2026-09-01 14:49:00,9.35,9.35,9.34,9.35,487300,4551986
2026-09-01 14:50:00,9.34,9.35,9.34,9.34,406800,3802809
2026-09-01 14:51:00,9.35,9.35,9.34,9.34,269084,2513725.56000006
2026-09-01 14:52:00,9.34,9.35,9.34,9.34,176200,1646140
2026-09-01 14:53:00,9.34,9.35,9.34,9.34,479000,4474598
2026-09-01 14:54:00,9.35,9.35,9.34,9.34,192200,1795592
2026-09-01 14:55:00,9.35,9.35,9.33,9.34,430400,4018503
2026-09-01 14:56:00,9.34,9.35,9.33,9.34,835500,7801765
2026-09-01 14:57:00,9.35,9.35,9.34,9.35,1103060,10304839.4
2026-09-01 14:58:00,9.35,9.35,9.35,9.35,0,0
2026-09-01 14:59:00,9.35,9.35,9.35,9.35,0,0
2026-09-01 15:00:00,9.35,9.35,9.35,9.35,0,0
2026-09-01 15:01:00,9.35,9.35,9.35,9.35,542100,5068635
2026-09-02 09:31:00,9.37,9.41,9.36,9.41,2162100,20306711
2026-09-02 09:32:00,9.41,9.42,9.37,9.39,1745900,16418089.82
2026-09-02 09:33:00,9.38,9.39,9.36,9.36,1081900,10143699
2026-09-02 09:34:00,9.36,9.37,9.34,9.34,732341,6850351.35
2026-09-02 09:35:00,9.33,9.33,9.31,9.31,617759,5756625.29
2026-09-02 09:36:00,9.31,9.32,9.3,9.32,948800,8835997.41
2026-09-02 09:37:00,9.33,9.33,9.31,9.31,1053700,9824783
2026-09-02 09:38:00,9.31,9.33,9.31,9.33,605600,5648920
2026-09-02 09:39:00,9.34,9.36,9.34,9.35,432000,4038723
2026-09-02 09:40:00,9.35,9.36,9.35,9.36,994200,9302111
2026-09-02 09:41:00,9.36,9.38,9.36,9.37,369600,3463548
2026-09-02 09:42:00,9.38,9.38,9.37,9.37,976000,9151944
2026-09-02 09:43:00,9.37,9.39,9.37,9.38,935610,8775096.8
2026-09-02 09:44:00,9.38,9.39,9.37,9.38,528300,4956685.90000001
2026-09-02 09:45:00,9.39,9.41,9.39,9.41,1378100,12956190
2026-09-02 09:46:00,9.4,9.41,9.37,9.38,580100,5447255
2026-09-02 09:47:00,9.38,9.39,9.37,9.37,665100,6235180
2026-09-02 09:48:00,9.37,9.38,9.37,9.38,264900,2483864
2026-09-02 09:49:00,9.38,9.38,9.37,9.37,464200,4353442
2026-09-02 09:50:00,9.37,9.38,9.37,9.37,474600,4449369
2026-09-02 09:51:00,9.38,9.38,9.36,9.36,396000,3708627
2026-09-02 09:52:00,9.36,9.37,9.35,9.36,229700,2149962.00000003
2026-09-02 09:53:00,9.37,9.38,9.36,9.37,831400,7789957
2026-09-02 09:54:00,9.37,9.38,9.36,9.36,328600,3077730
2026-09-02 09:55:00,9.36,9.37,9.36,9.36,245100,2294806
2026-09-02 09:56:00,9.36,9.36,9.35,9.35,648500,6066449
2026-09-02 09:57:00,9.35,9.35,9.34,9.34,237943,2222669.61999997
2026-09-02 09:58:00,9.34,9.35,9.33,9.34,311700,2911768.57000002
2026-09-02 09:59:00,9.34,9.34,9.33,9.33,299900,2800034
2026-09-02 10:00:00,9.33,9.34,9.31,9.33,747057,6964025.81
2026-09-02 10:01:00,9.31,9.32,9.31,9.31,217300,2023854
2026-09-02 10:02:00,9.31,9.32,9.31,9.31,468500,4361423
2026-09-02 10:03:00,9.31,9.33,9.31,9.33,545900,5086222
2026-09-02 10:04:00,9.32,9.34,9.32,9.33,601900,5614508
2026-09-02 10:05:00,9.33,9.34,9.33,9.33,276500,2580009
2026-09-02 10:06:00,9.33,9.34,9.33,9.34,276000,2576790
2026-09-02 10:07:00,9.34,9.37,9.33,9.37,557314,5210295.75999999
2026-09-02 10:08:00,9.36,9.37,9.35,9.36,257500,2410583
2026-09-02 10:09:00,9.37,9.39,9.36,9.37,927800,8696511
2026-09-02 10:10:00,9.36,9.37,9.36,9.37,55900,523689
2026-09-02 10:11:00,9.36,9.37,9.36,9.37,218000,2041310
2026-09-02 10:12:00,9.37,9.38,9.37,9.38,430700,4036519
2026-09-02 10:13:00,9.38,9.38,9.37,9.37,211200,1979416
2026-09-02 10:14:00,9.38,9.38,9.36,9.37,521700,4887616
2026-09-02 10:15:00,9.37,9.37,9.35,9.35,1125700,10543477
2026-09-02 10:16:00,9.35,9.37,9.35,9.37,213600,1999423
2026-09-02 10:17:00,9.36,9.38,9.36,9.37,800100,7496218
2026-09-02 10:18:00,9.37,9.38,9.36,9.36,285400,2673256
2026-09-02 10:19:00,9.36,9.38,9.36,9.37,467800,4382396
2026-09-02 10:20:00,9.37,9.38,9.37,9.37,229800,2153457
2026-09-02 10:21:00,9.38,9.38,9.36,9.37,151100,1416140
2026-09-02 10:22:00,9.38,9.38,9.36,9.36,187900,1759692
2026-09-02 10:23:00,9.37,9.37,9.35,9.35,313100,2930647
2026-09-02 10:24:00,9.36,9.36,9.35,9.36,193800,1813633
2026-09-02 10:25:00,9.35,9.36,9.35,9.35,178400,1669544
2026-09-02 10:26:00,9.36,9.36,9.34,9.34,180700,1689539
2026-09-02 10:27:00,9.35,9.35,9.34,9.34,225900,2111524
2026-09-02 10:28:00,9.34,9.35,9.33,9.34,177000,1653114
2026-09-02 10:29:00,9.33,9.35,9.33,9.34,219900,2053756
2026-09-02 10:30:00,9.35,9.36,9.35,9.35,256500,2399035
2026-09-02 10:31:00,9.35,9.36,9.35,9.35,50100,468591
2026-09-02 10:32:00,9.35,9.36,9.34,9.34,205800,1923906
2026-09-02 10:33:00,9.34,9.35,9.34,9.34,32200,300948
2026-09-02 10:34:00,9.34,9.34,9.33,9.34,507800,4741571
2026-09-02 10:35:00,9.33,9.34,9.32,9.33,582500,5434813
2026-09-02 10:36:00,9.33,9.34,9.33,9.33,36100,337033
2026-09-02 10:37:00,9.34,9.34,9.32,9.32,101000,942214
2026-09-02 10:38:00,9.32,9.33,9.31,9.32,501300,4671940
2026-09-02 10:39:00,9.31,9.32,9.31,9.31,106300,989893
2026-09-02 10:40:00,9.31,9.33,9.31,9.32,463700,4321505
2026-09-02 10:41:00,9.32,9.32,9.31,9.31,174500,1624866
2026-09-02 10:42:00,9.31,9.32,9.3,9.31,462100,4302165
2026-09-02 10:43:00,9.31,9.32,9.3,9.31,127300,1185030
2026-09-02 10:44:00,9.32,9.33,9.31,9.32,156400,1458037
2026-09-02 10:45:00,9.32,9.33,9.32,9.33,270500,2523140
2026-09-02 10:46:00,9.33,9.34,9.32,9.33,174400,1627031
2026-09-02 10:47:00,9.33,9.33,9.32,9.33,107700,1004456
2026-09-02 10:48:00,9.32,9.32,9.31,9.31,199900,1862935
2026-09-02 10:49:00,9.31,9.32,9.31,9.31,51300,477899
2026-09-02 10:50:00,9.31,9.32,9.31,9.32,33000,307385
2026-09-02 10:51:00,9.32,9.33,9.32,9.32,235200,2192500
2026-09-02 10:52:00,9.33,9.34,9.32,9.34,227800,2125364
2026-09-02 10:53:00,9.34,9.34,9.33,9.34,113600,1060468
2026-09-02 10:54:00,9.33,9.34,9.33,9.34,145600,1359729
2026-09-02 10:55:00,9.34,9.35,9.34,9.34,536569,5016427.46000004
2026-09-02 10:56:00,9.34,9.34,9.33,9.34,216831,2024608.53999996
2026-09-02 10:57:00,9.33,9.34,9.33,9.33,60100,560848
2026-09-02 10:58:00,9.34,9.34,9.33,9.34,81000,755783
2026-09-02 10:59:00,9.33,9.34,9.32,9.32,126600,1181030
2026-09-02 11:00:00,9.32,9.33,9.32,9.33,144000,1342373
2026-09-02 11:01:00,9.32,9.33,9.31,9.32,269700,2513133
2026-09-02 11:02:00,9.32,9.33,9.32,9.32,147900,1378733
2026-09-02 11:03:00,9.31,9.32,9.31,9.32,51500,479702
2026-09-02 11:04:00,9.32,9.32,9.31,9.32,41900,390253
2026-09-02 11:05:00,9.31,9.32,9.31,9.31,38300,356774
2026-09-02 11:06:00,9.31,9.32,9.31,9.32,53700,500126
2026-09-02 11:07:00,9.31,9.32,9.31,9.31,27700,257997
2026-09-02 11:08:00,9.31,9.32,9.31,9.31,47300,440451
2026-09-02 11:09:00,9.31,9.33,9.31,9.32,195100,1818314
2026-09-02 11:10:00,9.33,9.34,9.32,9.33,138600,1293027
2026-09-02 11:11:00,9.33,9.34,9.33,9.34,31800,296785
2026-09-02 11:12:00,9.34,9.35,9.33,9.34,236600,2209956
2026-09-02 11:13:00,9.34,9.35,9.34,9.35,27700,258783
2026-09-02 11:14:00,9.35,9.35,9.34,9.34,99700,931422
2026-09-02 11:15:00,9.35,9.35,9.34,9.34,31100,290637
2026-09-02 11:16:00,9.34,9.34,9.33,9.33,370800,3463001
2026-09-02 11:17:00,9.33,9.34,9.33,9.33,26900,251139
2026-09-02 11:18:00,9.33,9.34,9.32,9.33,296700,2768205
2026-09-02 11:19:00,9.33,9.33,9.32,9.32,27600,257495
2026-09-02 11:20:00,9.32,9.33,9.32,9.32,256400,2389793
2026-09-02 11:21:00,9.32,9.33,9.31,9.33,218900,2040435
2026-09-02 11:22:00,9.33,9.33,9.32,9.32,22200,206975
2026-09-02 11:23:00,9.32,9.33,9.31,9.31,103300,962522
2026-09-02 11:24:00,9.31,9.32,9.31,9.32,61800,575795
2026-09-02 11:25:00,9.32,9.32,9.31,9.31,265400,2473283
2026-09-02 11:26:00,9.32,9.32,9.3,9.3,585900,5454642
2026-09-02 11:27:00,9.31,9.31,9.3,9.31,128400,1195195
2026-09-02 11:28:00,9.31,9.32,9.3,9.32,44100,410472
2026-09-02 11:29:00,9.31,9.32,9.31,9.31,63000,586618
2026-09-02 11:30:00,9.32,9.32,9.31,9.31,62600,583139
2026-09-02 13:01:00,9.32,9.34,9.31,9.33,541900,5049753
2026-09-02 13:02:00,9.34,9.34,9.32,9.33,350900,3276021
2026-09-02 13:03:00,9.32,9.34,9.32,9.33,100700,939605
2026-09-02 13:04:00,9.33,9.34,9.33,9.33,47400,442579
2026-09-02 13:05:00,9.34,9.35,9.34,9.35,188560,1762078.40000004
2026-09-02 13:06:00,9.34,9.35,9.34,9.34,237200,2214908
2026-09-02 13:07:00,9.34,9.35,9.33,9.33,76800,717171
2026-09-02 13:08:00,9.34,9.34,9.33,9.34,120000,1120425
2026-09-02 13:09:00,9.33,9.34,9.33,9.33,23800,222210
2026-09-02 13:10:00,9.34,9.34,9.33,9.33,187400,1749236
2026-09-02 13:11:00,9.33,9.34,9.33,9.33,177000,1652487
2026-09-02 13:12:00,9.33,9.34,9.33,9.33,411900,3846577
2026-09-02 13:13:00,9.34,9.34,9.33,9.33,36600,341796
2026-09-02 13:14:00,9.33,9.34,9.33,9.34,46500,434081
2026-09-02 13:15:00,9.33,9.34,9.33,9.34,50100,467780
2026-09-02 13:16:00,9.33,9.34,9.32,9.33,238900,2229287
2026-09-02 13:17:00,9.33,9.34,9.33,9.33,93800,875611
2026-09-02 13:18:00,9.34,9.34,9.33,9.34,54600,509803
2026-09-02 13:19:00,9.34,9.34,9.33,9.34,43100,402253
2026-09-02 13:20:00,9.34,9.35,9.33,9.34,270600,2527331
2026-09-02 13:21:00,9.34,9.34,9.33,9.34,22500,209976
2026-09-02 13:22:00,9.34,9.34,9.31,9.31,260200,2426126
2026-09-02 13:23:00,9.31,9.32,9.31,9.32,60000,558888
2026-09-02 13:24:00,9.31,9.32,9.31,9.31,125300,1167102
2026-09-02 13:25:00,9.32,9.32,9.31,9.31,414700,3860819
2026-09-02 13:26:00,9.31,9.31,9.3,9.31,58435,543853.5
2026-09-02 13:27:00,9.31,9.31,9.3,9.3,59300,551929
2026-09-02 13:28:00,9.3,9.31,9.3,9.31,59472,553604.599999964
2026-09-02 13:29:00,9.31,9.31,9.28,9.28,1473293,13694805.9
2026-09-02 13:30:00,9.28,9.29,9.28,9.29,206400,1915860
2026-09-02 13:31:00,9.29,9.29,9.28,9.28,427874,3971172.97999996
2026-09-02 13:32:00,9.28,9.29,9.27,9.28,120800,1121024
2026-09-02 13:33:00,9.28,9.29,9.28,9.29,26800,248890
2026-09-02 13:34:00,9.29,9.29,9.28,9.28,139900,1298306
2026-09-02 13:35:00,9.28,9.29,9.28,9.29,252700,2347515
2026-09-02 13:36:00,9.29,9.29,9.28,9.29,52501,487559.280000031
2026-09-02 13:37:00,9.29,9.29,9.28,9.29,59100,548950
2026-09-02 13:38:00,9.29,9.29,9.28,9.29,78400,728216
2026-09-02 13:39:00,9.29,9.29,9.28,9.29,72800,676261
2026-09-02 13:40:00,9.29,9.29,9.28,9.29,73100,678981
2026-09-02 13:41:00,9.29,9.29,9.28,9.29,141100,1310769
2026-09-02 13:42:00,9.29,9.3,9.29,9.29,166800,1549726
2026-09-02 13:43:00,9.28,9.29,9.28,9.28,38300,355587
2026-09-02 13:44:00,9.29,9.29,9.28,9.29,116300,1080392
2026-09-02 13:45:00,9.28,9.3,9.28,9.29,139800,1298760
2026-09-02 13:46:00,9.29,9.29,9.28,9.29,229700,2133735
2026-09-02 13:47:00,9.29,9.29,9.28,9.28,80400,746871
2026-09-02 13:48:00,9.29,9.29,9.28,9.29,47600,442133
2026-09-02 13:49:00,9.29,9.29,9.28,9.28,250100,2323176
2026-09-02 13:50:00,9.28,9.29,9.28,9.29,40000,371483
2026-09-02 13:51:00,9.29,9.29,9.28,9.28,51000,473444
2026-09-02 13:52:00,9.28,9.29,9.28,9.29,62500,580178
2026-09-02 13:53:00,9.28,9.29,9.28,9.28,21900,203355
2026-09-02 13:54:00,9.29,9.29,9.28,9.29,59800,555219
2026-09-02 13:55:00,9.28,9.3,9.28,9.3,314500,2921620
2026-09-02 13:56:00,9.3,9.3,9.29,9.3,31500,292691
2026-09-02 13:57:00,9.3,9.3,9.28,9.29,254800,2367048
2026-09-02 13:58:00,9.28,9.29,9.28,9.28,34400,319442
2026-09-02 13:59:00,9.28,9.3,9.28,9.3,212300,1971929
2026-09-02 14:00:00,9.3,9.3,9.29,9.3,76100,707187
2026-09-02 14:01:00,9.29,9.3,9.28,9.29,255600,2374818
2026-09-02 14:02:00,9.29,9.29,9.28,9.28,73600,683626
2026-09-02 14:03:00,9.28,9.29,9.28,9.29,38100,353874
2026-09-02 14:04:00,9.28,9.29,9.28,9.29,46800,434500
2026-09-02 14:05:00,9.29,9.29,9.28,9.29,135000,1253496
2026-09-02 14:06:00,9.28,9.29,9.28,9.29,44500,413042
2026-09-02 14:07:00,9.28,9.29,9.28,9.28,187100,1736310
2026-09-02 14:08:00,9.29,9.29,9.28,9.28,203500,1888525
2026-09-02 14:09:00,9.28,9.29,9.28,9.29,30000,278469
2026-09-02 14:10:00,9.28,9.29,9.28,9.29,145200,1347499
2026-09-02 14:11:00,9.29,9.29,9.28,9.28,93000,863049
2026-09-02 14:12:00,9.28,9.29,9.28,9.29,78400,727587
2026-09-02 14:13:00,9.29,9.29,9.27,9.28,248900,2309448
2026-09-02 14:14:00,9.28,9.28,9.26,9.26,633926,5876423.01999998
2026-09-02 14:15:00,9.26,9.28,9.26,9.28,551774,5114706.98000002
2026-09-02 14:16:00,9.27,9.28,9.27,9.27,63300,587151
2026-09-02 14:17:00,9.28,9.28,9.27,9.27,40500,375627
2026-09-02 14:18:00,9.27,9.28,9.27,9.28,72600,673511
2026-09-02 14:19:00,9.28,9.28,9.27,9.27,34432,319289.639999986
2026-09-02 14:20:00,9.27,9.28,9.27,9.27,44100,408937
2026-09-02 14:21:00,9.28,9.28,9.27,9.27,84200,780607
2026-09-02 14:22:00,9.27,9.28,9.27,9.27,70600,654539
2026-09-02 14:23:00,9.27,9.28,9.26,9.27,320668,2972326.36000001
2026-09-02 14:24:00,9.27,9.27,9.26,9.27,40800,378027
2026-09-02 14:25:00,9.27,9.27,9.26,9.27,122600,1135842
2026-09-02 14:26:00,9.27,9.27,9.26,9.27,117000,1084007
2026-09-02 14:27:00,9.27,9.27,9.26,9.27,108900,1008939
2026-09-02 14:28:00,9.26,9.27,9.26,9.27,113700,1053531
2026-09-02 14:29:00,9.26,9.27,9.26,9.26,530100,4909823
2026-09-02 14:30:00,9.27,9.27,9.26,9.27,624800,5791112.99999994
2026-09-02 14:31:00,9.27,9.27,9.27,9.27,209100,1938070
2026-09-02 14:32:00,9.27,9.27,9.26,9.27,63000,583767
2026-09-02 14:33:00,9.26,9.27,9.26,9.26,47600,441027
2026-09-02 14:34:00,9.26,9.27,9.26,9.26,114600,1061404
2026-09-02 14:35:00,9.27,9.27,9.26,9.27,157000,1454535
2026-09-02 14:36:00,9.27,9.27,9.26,9.26,55300,512518
2026-09-02 14:37:00,9.27,9.27,9.26,9.27,171400,1588742
2026-09-02 14:38:00,9.27,9.27,9.26,9.27,104100,964747
2026-09-02 14:39:00,9.27,9.27,9.26,9.26,444100,4116592
2026-09-02 14:40:00,9.27,9.27,9.26,9.27,167300,1550468
2026-09-02 14:41:00,9.27,9.27,9.26,9.27,369400,3422845.00000012
2026-09-02 14:42:00,9.27,9.28,9.26,9.28,809800,7511817
2026-09-02 14:43:00,9.28,9.28,9.27,9.28,137200,1272229
2026-09-02 14:44:00,9.28,9.28,9.28,9.28,275800,2559361
2026-09-02 14:45:00,9.28,9.28,9.27,9.28,332200,3081350
2026-09-02 14:46:00,9.28,9.28,9.27,9.28,158000,1466081
2026-09-02 14:47:00,9.27,9.28,9.27,9.28,114300,1060431
2026-09-02 14:48:00,9.28,9.28,9.27,9.28,574100,5326489
2026-09-02 14:49:00,9.27,9.28,9.27,9.28,178200,1652977
2026-09-02 14:50:00,9.27,9.28,9.27,9.28,135100,1253040
2026-09-02 14:51:00,9.27,9.28,9.26,9.27,627500,5816956
2026-09-02 14:52:00,9.26,9.27,9.26,9.26,233100,2159613
2026-09-02 14:53:00,9.27,9.27,9.26,9.26,276800,2564840
2026-09-02 14:54:00,9.26,9.27,9.26,9.26,303300,2810233
2026-09-02 14:55:00,9.27,9.27,9.26,9.26,672700,6233899
2026-09-02 14:56:00,9.27,9.27,9.25,9.26,850500,7875926
2026-09-02 14:57:00,9.26,9.27,9.25,9.26,1029200,9530234
2026-09-02 14:58:00,9.26,9.26,9.26,9.26,700,6482
2026-09-02 14:59:00,9.26,9.26,9.26,9.26,0,0
2026-09-02 15:00:00,9.26,9.26,9.26,9.26,0,0
2026-09-02 15:01:00,9.28,9.28,9.28,9.28,807632,7494824.95999992
2026-09-03 09:31:00,9.26,9.28,9.23,9.28,1446600,13388411.98
2026-09-03 09:32:00,9.3,9.3,9.28,9.28,859700,7984604
2026-09-03 09:33:00,9.29,9.31,9.28,9.3,647401,6018917.3
2026-09-03 09:34:00,9.31,9.32,9.29,9.31,604300,5626607
2026-09-03 09:35:00,9.31,9.33,9.31,9.32,1287300,12002700
2026-09-03 09:36:00,9.33,9.34,9.33,9.33,1765400,16476360
2026-09-03 09:37:00,9.34,9.34,9.33,9.34,2098200,19579258
2026-09-03 09:38:00,9.34,9.35,9.34,9.34,772300,7217453
2026-09-03 09:39:00,9.35,9.38,9.35,9.37,1821100,17059101
2026-09-03 09:40:00,9.38,9.39,9.38,9.38,636200,5970544
2026-09-03 09:41:00,9.38,9.4,9.38,9.4,1251618,11752744.02
2026-09-03 09:42:00,9.4,9.4,9.39,9.39,862200,8100559
2026-09-03 09:43:00,9.4,9.42,9.4,9.4,1779400,16736778
2026-09-03 09:44:00,9.41,9.42,9.4,9.4,789600,7428511
2026-09-03 09:45:00,9.41,9.41,9.39,9.39,471400,4431313
2026-09-03 09:46:00,9.4,9.41,9.4,9.41,296700,2789959
2026-09-03 09:47:00,9.4,9.41,9.4,9.41,883200,8304741
2026-09-03 09:48:00,9.41,9.42,9.41,9.42,2463360,23191146.6
2026-09-03 09:49:00,9.44,9.45,9.43,9.43,2261200,21338584
2026-09-03 09:50:00,9.44,9.44,9.43,9.44,545800,5151358
2026-09-03 09:51:00,9.44,9.46,9.44,9.46,1683159,15901801.55
2026-09-03 09:52:00,9.45,9.47,9.45,9.46,1209100,11440590
2026-09-03 09:53:00,9.46,9.46,9.45,9.45,532400,5033991
2026-09-03 09:54:00,9.45,9.46,9.45,9.45,658800,6227066
2026-09-03 09:55:00,9.45,9.45,9.44,9.44,474600,4483195
2026-09-03 09:56:00,9.45,9.45,9.43,9.43,605500,5715920.00000003
2026-09-03 09:57:00,9.43,9.44,9.43,9.43,377900,3564950
2026-09-03 09:58:00,9.44,9.44,9.43,9.44,200600,1892792
2026-09-03 09:59:00,9.44,9.45,9.44,9.44,436020,4116917.79999995
2026-09-03 10:00:00,9.44,9.45,9.44,9.44,412100,3892301
2026-09-03 10:01:00,9.44,9.45,9.44,9.45,189000,1785198
2026-09-03 10:02:00,9.44,9.45,9.43,9.43,724580,6840146.20000005
2026-09-03 10:03:00,9.43,9.44,9.41,9.41,535600,5048036
2026-09-03 10:04:00,9.42,9.43,9.41,9.42,401300,3780404
2026-09-03 10:05:00,9.42,9.43,9.41,9.42,263700,2483811
2026-09-03 10:06:00,9.41,9.42,9.41,9.41,322600,3035722
2026-09-03 10:07:00,9.41,9.41,9.4,9.41,201500,1895774
2026-09-03 10:08:00,9.41,9.42,9.4,9.41,374300,3521907
2026-09-03 10:09:00,9.42,9.44,9.41,9.44,707400,6665719
2026-09-03 10:10:00,9.43,9.45,9.43,9.44,743000,7014905
2026-09-03 10:11:00,9.45,9.45,9.43,9.44,334400,3156422
2026-09-03 10:12:00,9.44,9.45,9.43,9.44,250900,2367925
2026-09-03 10:13:00,9.44,9.45,9.44,9.45,605000,5712927
2026-09-03 10:14:00,9.45,9.45,9.44,9.44,576300,5444216
2026-09-03 10:15:00,9.45,9.45,9.44,9.45,356400,3364782
2026-09-03 10:16:00,9.44,9.45,9.44,9.44,251100,2372017
2026-09-03 10:17:00,9.45,9.45,9.43,9.43,319200,3013261
2026-09-03 10:18:00,9.44,9.44,9.43,9.43,118400,1117354
2026-09-03 10:19:00,9.43,9.45,9.43,9.44,733700,6927357
2026-09-03 10:20:00,9.44,9.45,9.43,9.44,487500,4602072
2026-09-03 10:21:00,9.44,9.45,9.43,9.44,73600,694849
2026-09-03 10:22:00,9.45,9.45,9.44,9.45,1037200,9800839
2026-09-03 10:23:00,9.45,9.46,9.45,9.45,196400,1856582
2026-09-03 10:24:00,9.45,9.46,9.45,9.46,491655,4646703.75
2026-09-03 10:25:00,9.45,9.46,9.45,9.45,123200,1164813
2026-09-03 10:26:00,9.45,9.46,9.44,9.45,260545,2461958.25
2026-09-03 10:27:00,9.44,9.45,9.44,9.45,81500,769799
2026-09-03 10:28:00,9.44,9.45,9.44,9.45,202700,1914465
2026-09-03 10:29:00,9.45,9.45,9.44,9.44,191100,1804893
2026-09-03 10:30:00,9.44,9.45,9.43,9.44,769100,7261580
2026-09-03 10:31:00,9.43,9.44,9.42,9.43,506300,4774830
2026-09-03 10:32:00,9.43,9.44,9.43,9.44,106700,1006609
2026-09-03 10:33:00,9.44,9.44,9.43,9.44,452000,4266414
2026-09-03 10:34:00,9.43,9.44,9.42,9.43,402200,3792692
2026-09-03 10:35:00,9.43,9.43,9.42,9.43,69300,653256
2026-09-03 10:36:00,9.43,9.44,9.42,9.44,527200,4971271
2026-09-03 10:37:00,9.43,9.45,9.43,9.45,385900,3641838
2026-09-03 10:38:00,9.45,9.45,9.44,9.44,143100,1351838
2026-09-03 10:39:00,9.44,9.45,9.44,9.45,112000,1057610
2026-09-03 10:40:00,9.45,9.45,9.44,9.44,328603,3102334.31999999
2026-09-03 10:41:00,9.45,9.45,9.44,9.44,61000,576270
2026-09-03 10:42:00,9.44,9.45,9.43,9.43,190700,1800210
2026-09-03 10:43:00,9.44,9.45,9.44,9.45,89800,847829
2026-09-03 10:44:00,9.44,9.45,9.44,9.44,181400,1713701
2026-09-03 10:45:00,9.45,9.45,9.44,9.45,172900,1633419
2026-09-03 10:46:00,9.45,9.45,9.44,9.45,55900,528131
2026-09-03 10:47:00,9.45,9.45,9.43,9.43,268700,2536733
2026-09-03 10:48:00,9.43,9.44,9.43,9.43,134800,1271433
2026-09-03 10:49:00,9.43,9.44,9.43,9.43,54600,514972
2026-09-03 10:50:00,9.43,9.44,9.43,9.43,85500,806570
2026-09-03 10:51:00,9.43,9.45,9.43,9.44,257300,2429083
2026-09-03 10:52:00,9.44,9.46,9.44,9.45,1020361,9644320.44999999
2026-09-03 10:53:00,9.45,9.46,9.44,9.44,321300,3036730
2026-09-03 10:54:00,9.45,9.45,9.44,9.45,46100,435522
2026-09-03 10:55:00,9.45,9.45,9.44,9.44,44700,422392
2026-09-03 10:56:00,9.45,9.46,9.44,9.45,444700,4202651
2026-09-03 10:57:00,9.46,9.46,9.45,9.45,175700,1660525
2026-09-03 10:58:00,9.45,9.45,9.44,9.45,55000,519475
2026-09-03 10:59:00,9.45,9.45,9.44,9.45,81000,764956
2026-09-03 11:00:00,9.45,9.45,9.44,9.44,75600,713985
2026-09-03 11:01:00,9.44,9.45,9.44,9.44,89900,848702
2026-09-03 11:02:00,9.44,9.44,9.42,9.42,462500,4362515
2026-09-03 11:03:00,9.43,9.43,9.41,9.43,522600,4922920
2026-09-03 11:04:00,9.43,9.44,9.42,9.43,173500,1635987
2026-09-03 11:05:00,9.43,9.44,9.43,9.43,137300,1294878
2026-09-03 11:06:00,9.44,9.44,9.43,9.43,300300,2831927
2026-09-03 11:07:00,9.43,9.44,9.42,9.42,161000,1517663
2026-09-03 11:08:00,9.42,9.43,9.42,9.43,20700,195110
2026-09-03 11:09:00,9.43,9.43,9.42,9.42,397700,3746126
2026-09-03 11:10:00,9.42,9.42,9.41,9.41,37900,356740
2026-09-03 11:11:00,9.42,9.42,9.41,9.41,907400,8539346
2026-09-03 11:12:00,9.41,9.42,9.4,9.41,199300,1875539
2026-09-03 11:13:00,9.41,9.43,9.41,9.43,479700,4517905
2026-09-03 11:14:00,9.43,9.43,9.41,9.42,215400,2029306
2026-09-03 11:15:00,9.42,9.42,9.41,9.41,40300,379499
2026-09-03 11:16:00,9.42,9.42,9.4,9.4,437500,4116746
2026-09-03 11:17:00,9.41,9.41,9.4,9.4,35200,330999
2026-09-03 11:18:00,9.4,9.41,9.4,9.4,54000,507870
2026-09-03 11:19:00,9.41,9.41,9.4,9.4,28800,270817
2026-09-03 11:20:00,9.4,9.41,9.4,9.4,64600,607716
2026-09-03 11:21:00,9.4,9.41,9.4,9.4,120000,1128244
2026-09-03 11:22:00,9.39,9.39,9.38,9.38,1274000,11967309
2026-09-03 11:23:00,9.38,9.39,9.38,9.39,293100,2750270
2026-09-03 11:24:00,9.39,9.4,9.39,9.39,55300,519278
2026-09-03 11:25:00,9.39,9.39,9.38,9.38,66000,619577
2026-09-03 11:26:00,9.38,9.38,9.37,9.37,306700,2876518
2026-09-03 11:27:00,9.38,9.38,9.37,9.38,137000,1284467
2026-09-03 11:28:00,9.38,9.38,9.37,9.37,52000,487749
2026-09-03 11:29:00,9.37,9.4,9.37,9.4,297400,2790642
2026-09-03 11:30:00,9.4,9.4,9.39,9.39,268500,2523418
2026-09-03 13:01:00,9.4,9.41,9.39,9.41,353100,3319933
2026-09-03 13:02:00,9.41,9.41,9.4,9.4,548800,5162617
2026-09-03 13:03:00,9.4,9.41,9.4,9.4,102700,965448
2026-09-03 13:04:00,9.4,9.4,9.39,9.39,269400,2529685
2026-09-03 13:05:00,9.39,9.39,9.38,9.39,60600,569021
2026-09-03 13:06:00,9.39,9.39,9.38,9.38,5400,50673
2026-09-03 13:07:00,9.38,9.39,9.38,9.38,23500,220587
2026-09-03 13:08:00,9.38,9.39,9.38,9.38,80100,751688
2026-09-03 13:09:00,9.39,9.39,9.38,9.39,214000,2009433
2026-09-03 13:10:00,9.39,9.39,9.38,9.39,164900,1547843
2026-09-03 13:11:00,9.39,9.39,9.38,9.38,225200,2112549
2026-09-03 13:12:00,9.38,9.39,9.38,9.39,49100,460689
2026-09-03 13:13:00,9.39,9.39,9.38,9.39,27300,256182
2026-09-03 13:14:00,9.38,9.39,9.38,9.39,24900,233766
2026-09-03 13:15:00,9.38,9.39,9.38,9.39,177400,1665667
2026-09-03 13:16:00,9.4,9.4,9.39,9.4,242300,2275778
2026-09-03 13:17:00,9.39,9.4,9.39,9.39,234900,2205881
2026-09-03 13:18:00,9.39,9.39,9.38,9.38,420200,3941539
2026-09-03 13:19:00,9.39,9.39,9.38,9.39,48900,459029
2026-09-03 13:20:00,9.38,9.4,9.38,9.4,298500,2804879
2026-09-03 13:21:00,9.4,9.4,9.39,9.4,75800,712380
2026-09-03 13:22:00,9.39,9.39,9.38,9.38,1012700,9500346
2026-09-03 13:23:00,9.38,9.38,9.38,9.38,226100,2120920
2026-09-03 13:24:00,9.38,9.39,9.38,9.38,137000,1285190
2026-09-03 13:25:00,9.38,9.38,9.37,9.37,619700,5808469
2026-09-03 13:26:00,9.37,9.37,9.36,9.37,134858,1263523.88
2026-09-03 13:27:00,9.36,9.37,9.36,9.36,37900,354987
2026-09-03 13:28:00,9.36,9.37,9.36,9.37,134900,1263162
2026-09-03 13:29:00,9.36,9.37,9.36,9.36,619642,5799713.12
2026-09-03 13:30:00,9.37,9.37,9.35,9.36,276959,2590202.64999998
2026-09-03 13:31:00,9.35,9.36,9.33,9.33,822441,7686630.35000002
2026-09-03 13:32:00,9.34,9.34,9.33,9.33,451000,4209663
2026-09-03 13:33:00,9.33,9.34,9.32,9.32,885600,8260718
2026-09-03 13:34:00,9.33,9.33,9.32,9.32,277100,2582819
2026-09-03 13:35:00,9.32,9.33,9.32,9.33,147900,1379238
2026-09-03 13:36:00,9.32,9.33,9.32,9.32,301000,2805561
2026-09-03 13:37:00,9.33,9.33,9.32,9.33,337100,3142669
2026-09-03 13:38:00,9.33,9.34,9.32,9.34,271300,2531367
2026-09-03 13:39:00,9.34,9.34,9.33,9.33,89400,834922
2026-09-03 13:40:00,9.33,9.34,9.33,9.34,52200,487404
2026-09-03 13:41:00,9.34,9.34,9.33,9.33,59510,555720.300000072
2026-09-03 13:42:00,9.34,9.35,9.33,9.34,146853,1371740.01999998
2026-09-03 13:43:00,9.34,9.35,9.34,9.35,140700,1314657
2026-09-03 13:44:00,9.34,9.35,9.33,9.33,142800,1334128
2026-09-03 13:45:00,9.34,9.36,9.34,9.35,362400,3388130
2026-09-03 13:46:00,9.36,9.36,9.35,9.36,122600,1146757
2026-09-03 13:47:00,9.36,9.36,9.35,9.36,52500,491029
2026-09-03 13:48:00,9.35,9.35,9.34,9.35,236500,2211432
2026-09-03 13:49:00,9.35,9.35,9.34,9.34,28700,268172
2026-09-03 13:50:00,9.34,9.35,9.34,9.34,153700,1435622
2026-09-03 13:51:00,9.34,9.35,9.34,9.34,229700,2145568
2026-09-03 13:52:00,9.34,9.34,9.33,9.34,123000,1148883
2026-09-03 13:53:00,9.33,9.34,9.33,9.34,155700,1454015.78999996
2026-09-03 13:54:00,9.34,9.34,9.32,9.33,348200,3248742
2026-09-03 13:55:00,9.33,9.33,9.32,9.32,143700,1340470
2026-09-03 13:56:00,9.32,9.33,9.32,9.32,491600,4581725
2026-09-03 13:57:00,9.32,9.33,9.32,9.32,187600,1748472
2026-09-03 13:58:00,9.32,9.32,9.31,9.32,806600,7510334
2026-09-03 13:59:00,9.31,9.31,9.3,9.31,225600,2100258
2026-09-03 14:00:00,9.31,9.31,9.29,9.3,690200,6419125
2026-09-03 14:01:00,9.3,9.3,9.29,9.29,352400,3274944
2026-09-03 14:02:00,9.29,9.3,9.29,9.29,510800,4746000
2026-09-03 14:03:00,9.3,9.3,9.29,9.3,131200,1219442
2026-09-03 14:04:00,9.29,9.29,9.28,9.28,719800,6682774
2026-09-03 14:05:00,9.28,9.28,9.27,9.27,173010,1604609.70000005
2026-09-03 14:06:00,9.28,9.29,9.28,9.29,285421,2649533.88
2026-09-03 14:07:00,9.28,9.3,9.28,9.3,301700,2803396
2026-09-03 14:08:00,9.3,9.3,9.29,9.3,126900,1180129
2026-09-03 14:09:00,9.3,9.3,9.29,9.29,386400,3591224.25
2026-09-03 14:10:00,9.29,9.3,9.29,9.29,219400,2038668
2026-09-03 14:11:00,9.29,9.29,9.28,9.29,140100,1301391
2026-09-03 14:12:00,9.29,9.3,9.29,9.29,112800,1047861
2026-09-03 14:13:00,9.3,9.3,9.29,9.29,50900,473224
2026-09-03 14:14:00,9.29,9.3,9.29,9.29,99600,925414
2026-09-03 14:15:00,9.3,9.3,9.29,9.3,184900,1718234
2026-09-03 14:16:00,9.3,9.3,9.29,9.3,217900,2025407
2026-09-03 14:17:00,9.3,9.3,9.29,9.29,110400,1025833
2026-09-03 14:18:00,9.29,9.3,9.29,9.3,180400,1677555
2026-09-03 14:19:00,9.3,9.31,9.3,9.31,173300,1612315
2026-09-03 14:20:00,9.31,9.31,9.3,9.31,164400,1530407
2026-09-03 14:21:00,9.31,9.31,9.3,9.31,128500,1195547
2026-09-03 14:22:00,9.31,9.31,9.3,9.31,174400,1622388
2026-09-03 14:23:00,9.31,9.31,9.3,9.31,180300,1678456
2026-09-03 14:24:00,9.31,9.32,9.3,9.31,343100,3194684
2026-09-03 14:25:00,9.3,9.31,9.3,9.31,276000,2568985
2026-09-03 14:26:00,9.31,9.32,9.31,9.32,334800,3118765
2026-09-03 14:27:00,9.32,9.32,9.31,9.31,27400,255277
2026-09-03 14:28:00,9.31,9.32,9.31,9.32,107100,997859
2026-09-03 14:29:00,9.32,9.32,9.31,9.32,619000,5763743
2026-09-03 14:30:00,9.32,9.32,9.31,9.32,153600,1431355
2026-09-03 14:31:00,9.32,9.32,9.31,9.32,106000,987600
2026-09-03 14:32:00,9.32,9.33,9.32,9.32,216700,2019709
2026-09-03 14:33:00,9.32,9.33,9.32,9.32,503100,4689186
2026-09-03 14:34:00,9.33,9.33,9.32,9.32,259200,2416519
2026-09-03 14:35:00,9.32,9.32,9.31,9.32,151800,1414386
2026-09-03 14:36:00,9.32,9.32,9.31,9.31,511200,4764191
2026-09-03 14:37:00,9.32,9.32,9.3,9.3,640000,5960934
2026-09-03 14:38:00,9.31,9.31,9.3,9.3,180700,1680752
2026-09-03 14:39:00,9.3,9.31,9.29,9.3,478900,4453724
2026-09-03 14:40:00,9.3,9.3,9.29,9.3,158800,1476238
2026-09-03 14:41:00,9.3,9.3,9.29,9.3,62700,582897
2026-09-03 14:42:00,9.3,9.3,9.29,9.3,412700,3834188
2026-09-03 14:43:00,9.3,9.3,9.28,9.29,495400,4602197
2026-09-03 14:44:00,9.29,9.29,9.28,9.29,788600,7319446
2026-09-03 14:45:00,9.29,9.29,9.28,9.28,255800,2374580
2026-09-03 14:46:00,9.29,9.29,9.28,9.28,60900,565254
2026-09-03 14:47:00,9.29,9.29,9.28,9.29,95200,883826
2026-09-03 14:48:00,9.29,9.29,9.28,9.28,407600,3782380
2026-09-03 14:49:00,9.28,9.28,9.27,9.27,419859,3895691.51999998
2026-09-03 14:50:00,9.29,9.29,9.28,9.29,156700,1454476
2026-09-03 14:51:00,9.28,9.29,9.27,9.27,505100,4687254
2026-09-03 14:52:00,9.28,9.28,9.27,9.28,224600,2084877
2026-09-03 14:53:00,9.28,9.28,9.27,9.28,633400,5877461
2026-09-03 14:54:00,9.28,9.28,9.27,9.28,194300,1803050
2026-09-03 14:55:00,9.29,9.29,9.27,9.28,247600,2296752
2026-09-03 14:56:00,9.27,9.28,9.27,9.28,542200,5028366
2026-09-03 14:57:00,9.27,9.28,9.26,9.26,1334800,12368793
2026-09-03 14:58:00,9.26,9.26,9.26,9.26,9100,84205
2026-09-03 14:59:00,9.26,9.26,9.26,9.26,0,0
2026-09-03 15:00:00,9.26,9.26,9.26,9.26,0,0
2026-09-03 15:01:00,9.26,9.27,9.26,9.27,582700,5401629

